,id,direction,title,Date
,,,,
1.0,rcheot,https://www.businessinsider.com/nhtsa-looks-at-tesla-letting-people-play-games-while-driving-2021-12,The US government is asking Tesla why it lets people play video games while driving,12/10/21
2.0,rcmh0s,https://www.theverge.com/2021/12/9/22826129/activision-blizzard-employees-create-strike-fund-while-taking-steps-toward-unionization,Activision Blizzard employees create strike fund while taking steps toward unionization,12/10/21
3.0,rcgnt1,https://www.theverge.com/2021/12/9/22825759/amazon-antitrust-fine-italy-1-3-billion,Amazon fined $1.3 billion for abusing market position in Italy,12/10/21
4.0,rcpxf2,https://www.autoblog.com/2021/12/09/mercedes-drive-pilot-driver-assist/,Germany OKs Mercedes Drive Pilot hands-free system - first automaker to reach level 3 automation,12/10/21
5.0,rckgh4,https://www.itv.com/news/2021-12-09/sturgeon-ignites-700kg-of-explosives-to-raze-scotlands-last-coal-power-station,Longannet: Nicola Sturgeon ignites 700kg of explosives to raze Scotland's last coal power station,12/10/21
6.0,rcgpu3,https://www.theverge.com/2021/12/8/22824609/instagram-chronological-feed-adam-mosseri,Instagram head says it’s bringing back the chronological feed,12/10/21
7.0,rcmtaw,https://www.goodnewsnetwork.org/united-airlines-operate-first-flight-with-100-percent-plant-based-fuel-from-corn/#.YbI_uEuiJR0.reddit,Jet Flown by United Airlines Entirely Powered by 100% Plant-Based Fuel from Corn Stalk Waste,12/10/21
8.0,rc3wtq,https://www.businessinsider.com/metaverse-silicon-valley-tech-data-collection-regulation-laws-need-updating-2021-12,"The metaverse could let Silicon Valley track your facial expressions, blood pressure, and your breathing rates — showing exactly why our internet laws need updating",12/10/21
9.0,rd6cfp,https://gizmodo.com/german-court-rules-man-who-broke-his-back-walking-from-1848190632,German Court Rules Man Who Broke His Back Walking From Bed to Home Office Had a Workplace Accident | The employee argued that remote workers shouldn't receive less protection from accident insurance than those who work in a office.,12/10/21
10.0,rck27i,https://kotaku.com/masayuki-uemura-creator-of-the-nes-and-snes-dies-at-7-1848184264,"Masayuki Uemura, Creator Of The NES And SNES, Dies At Age 78",12/10/21
11.0,rcu2t3,https://www.consumerreports.org/corporate-accountability/when-amazon-expands-these-communities-pay-the-price-a2554249208/,"When Amazon Expands, These Communities Pay the Price",12/10/21
1.0,rdlavv,https://www.cnn.com/2021/12/10/business/better-com-ceo-vishal-garg-time-off/index.html?utm_content=2021-12-10T23%3A01%3A04&utm_term=link&utm_medium=social&utm_source=twCNN,Better.com CEO is taking time off after laying off 900 employees via Zoom,12/10/21
2.0,rdobmn,https://www.theverge.com/2021/12/10/22826695/apple-china-mou-275-billion-tim-cook-icloud,Apple’s concessions in China reportedly include a secret $275 billion deal and one odd change in Maps,12/10/21
3.0,rdjjcv,https://www.theverge.com/2021/12/10/22828132/google-employee-wages-inflation-2021-record-profits,Google tells employees it won’t raise everyone’s wages to keep up with inflation.,12/10/21
4.0,rdb0wq,https://invezz.com/news/2021/12/10/deutsche-bank-crypto-is-not-environmentally-sustainable/,Deutsche Bank: Crypto is not environmentally sustainable,12/10/21
5.0,rdhamj,https://www.zdnet.com/article/security-warning-new-zero-day-in-the-log4j-java-library-is-already-being-exploited/,New zero-day in the Log4j Java library is already being exploited,12/10/21
6.0,rde7by,https://www.theverge.com/2021/12/10/22827957/senators-bipartisan-pata-act-social-media-transparency-section-230,New social media transparency bill would force Facebook to open up to researchers,12/10/21
7.0,rdb596,https://www.techdirt.com/articles/20211209/06403948085/increasingly-obvious-apples-do-not-track-button-is-privacy-theater.shtml,It's Increasingly Obvious Apple's 'Do Not Track' Button Is Privacy Theater,12/10/21
8.0,rdlfif,https://www.theverge.com/2021/12/9/22826619/tcl-6-5-series-google-tv-best-buy-removal-os-bugs-slow,"Best Buy pulls TCL Google TVs amid complaints of slow, buggy software - Listings for both the 6-Series and 5-Series have disappeared",12/10/21
9.0,rdk400,https://www.cnet.com/tech/mobile/twitter-spaces-filled-with-hate-speech-extremism-report-says/,"Twitter Spaces filled with hate speech, extremism, report says",12/10/21
10.0,rdfrte,https://www.eenews.net/articles/major-u-s-utilities-plan-coast-to-coast-ev-charging-network/,"Major U.S. utilities plan coast-to-coast, EV-charging network",12/10/21
4.0,rdqzqv,https://www.cnn.com/2021/12/10/tech/blue-origin-safety-review-whistleblower-scn/index.html,FAA says lack of federal whistleblower protections is 'enormous factor' hindering Blue Origin safety review,12/11/21
5.0,rds61p,https://www.pcworld.com/article/559001/the-future-of-esports-is-microsoft-excel-and-its-on-espn.html,Top Excel experts will battle it out in an esports-like competition this weekend,12/11/21
1.0,soenq6,https://www.vice.com/en/article/jgmvk8/amazon-has-received-at-least-dollar47-billion-in-subsidies-globally-watchdog-says,"Amazon Has Received $4.7 Billion in Subsidies Globally, Watchdog Says",02/09/22
2.0,sof67k,https://www.businessinsider.com/peloton-lays-off-nearly-3000-employees-not-instructors-2022-2,"Peloton is laying off nearly 3,000 employees but its instructors — who reportedly can make more than $500,000 a year — are safe",02/09/22
3.0,soj1ew,https://www.theguardian.com/business/2022/feb/08/pfizer-covid-vaccine-pill-profits-sales,Pfizer accused of pandemic profiteering as profits double,02/09/22
4.0,snx25m,https://www.cnbc.com/2022/02/08/facebook-falls-behind-nvidia-market-cap-now-eighth-biggest-in-us.html,Facebook falls behind Nvidia in market cap and is now eighth most valuable U.S. company,02/09/22
5.0,soi6f7,https://www.dw.com/en/chinese-space-cleaner-spotted-grabbing-and-throwing-away-old-satellite/a-60658574,Chinese 'space cleaner' spotted grabbing and throwing away old satellite,02/09/22
6.0,snqkvn,https://www.cnbc.com/2022/02/08/tiktok-shares-your-data-more-than-any-other-social-media-app-study.html,"TikTok shares your data more than any other social media app — and it’s unclear where it goes, study says",02/09/22
7.0,sog2d4,https://www.businessinsider.com/spacex-lost-starlink-satellites-orbit-geomagnetic-solar-storm-space-launch-2022-2,Elon Musk's SpaceX says a geomagnetic storm wiped out 40 of the 49 Starlink satellites it launched into orbit last week,02/09/22
8.0,soapbe,https://arstechnica.com/science/2022/02/time-shifted-computing-could-slash-data-center-energy-costs-by-up-to-30/,Time-shifted computing could slash data center energy costs by up to 30%,02/09/22
9.0,so7lml,https://www.theregister.com/2022/02/08/age_verification_for_social_media_ukgov_plans/,UK.gov threatens to make adults give credit card details for access to Facebook or TikTok,02/09/22
10.0,socgt6,https://techcrunch.com/2022/02/08/metas-oversight-board-facebook-and-instagram-to-tighten-doxing-rules/,Meta’s Oversight Board urges Facebook and Instagram to tighten doxing rules,02/09/22
11.0,sodb4q,https://www.scientificamerican.com/article/our-environmental-crisis-requires-political-fixes-not-technological-ones/,"Our Environmental Crisis Requires Political Fixes, Not Technological Ones",02/09/22
1.0,sri0cv,https://www.huffpost.com/entry/apple-airtags-tracking_n_61f425ade4b067cbfa1cb2b8,AirTags Are A Growing Headache For Apple Amid Disturbing Reports Of Tracking,02/13/22
2.0,sr91t2,https://arstechnica.com/science/2022/02/actually-a-falcon-9-rocket-is-not-going-to-hit-the-moon/,Astronomers now say the rocket about to strike the Moon is not a Falcon 9 but a Chinese rocket launched in 2014.,02/13/22
3.0,srihtv,https://gizmodo.com/netflix-is-about-to-cost-you-more-money-1848363589,Netflix Is About to Cost You More Money,02/13/22
4.0,srhmkz,https://theconversation.com/renewables-are-cheaper-than-ever-so-why-are-household-energy-bills-only-going-up-174795,Renewables are cheaper than ever – so why are household energy bills only going up?,02/13/22
5.0,srap44,https://gizmodo.com/apple-retail-workers-wage-increase-great-resignation-re-1848529619,Apple Is Reportedly Giving Its Retail Workers Raises to Make Sure They Don’t Leave,02/13/22
6.0,sqzwi0,https://www.ansa.it/english/news/lifestyle/arts/2022/01/18/22-of-italians-have-stopped-using-social-media-in-last-year_6efd3f1d-179e-4432-bfee-0bf7b945b35e.html,22% of Italians have stopped using social media in last year,02/13/22
7.0,srgby2,https://indianexpress.com/article/technology/crypto/us-couple-accused-of-laundering-4-5-billion-in-bitcoin-heres-how-this-happened-7763865/,US couple accused of laundering $4.5 billion in Bitcoin: Here’s how this happened,02/13/22
8.0,squq1z,https://www.independent.co.uk/tech/moviepass-track-eyes-phone-cameras-b2013273.html,MoviePass will track people’s eyes through their phone’s cameras to make sure they don’t look away from ads.,02/13/22
9.0,srk037,https://cleantechnica.com/2022/02/13/55000-arizonans-work-in-clean-energy-electric-vehicle-industry/,"55,000+ Arizonans Work In Clean Energy & Electric Vehicle Industry",02/13/22
10.0,srf5sf,http://www.uni-europa.org/news/amazons-hidden-subsidies,Amazon’s Hidden Worldwide Subsidies,02/13/22
11.0,srk8ub,https://www.macrumors.com/2022/02/11/samsung-galaxy-s22-vs-iphone-13-benchmark/,iPhone 13 is Significantly Faster Than Samsung's New Galaxy S22 in Benchmarks,02/13/22
5.0,srnkv3,https://www.msn.com/en-au/news/australia/fake-international-facebook-accounts-behind-the-convoy-to-canberra-protests/ar-AATFwuV,"Fake, international Facebook accounts behind the Convoy to Canberra protests",02/13/22
9.0,sroljz,https://mashable.com/article/tiktok-simulated-sex-live-videos,TikTok keeps recommending live 'simulated sex' videos to users,02/13/22
10.0,srq7im,https://www.businessinsider.com/ibm-execs-called-older-workers-dinobabies-in-age-discrimination-lawsuit-2022-2,IBM executives called older workers 'dinobabies' who should be 'extinct' in internal emails released in age discrimination lawsuit,02/13/22
9.0,srta6n,https://www.engadget.com/valve-steam-deck-cad-files-release-175935793.html,Valve releases Steam Deck CAD files allowing anyone to 3D-print custom shells | Engadget,02/13/22
2.0,srzm9t,https://www.theverge.com/2022/2/13/22932397/coinbases-qr-code-super-bowl-ad-app-crash,Coinbase’s bouncing QR code Super Bowl ad was so popular it crashed the app,02/14/22
5.0,srz24f,https://slashdot.org/story/396259,"Meta Wouldn't Tell Us How It Enforces Its Rules In VR, So We Ran A Test",02/14/22
11.0,srzger,https://www.businessinsider.in/tech/news/coinbase-just-kicked-off-the-super-bowl-with-a-simple-ad-featuring-a-qr-code-styled-like-the-bouncing-icon-of-a-dvd-screensaver/articleshow/89555354.cms,Coinbase just kicked off the Super Bowl with a simple ad featuring a QR code styled like the bouncing icon of a DVD screensaver,02/14/22
3.0,ss49r0,https://www.news18.com/news/tech/govt-bans-50-more-chinese-smartphone-apps-garena-free-fire-may-be-banned-too-in-india-report-4768322.html,India Bans 50 More ‘Chinese’ Smartphone Apps,02/14/22
10.0,ss4hqm,https://www.msn.com/en-in/news/other/fresh-government-ban-on-54-chinese-apps-posing-threat-to-national-security-check-list/ar-AATOHvB,"Fresh government ban on 54 Chinese apps posing threat to national security, check list",02/14/22
1.0,ssb9c0,https://www.newsweek.com/givesendgo-hacked-details-freedom-convoy-donors-apparently-leaked-1678817,GiveSendGo hacked as names of Freedom Convoy donors apparently leaked,02/14/22
2.0,ssdrti,https://www.vice.com/en/article/k7wpax/freedom-convoy-givesendgo-donors-leaked,"Hackers Just Leaked the Names of 92,000 ‘Freedom Convoy’ Donors",02/14/22
4.0,ss89iy,https://www.washingtonpost.com/technology/2022/02/11/russian-military-drones-ukraine/,Russian drones shot down over Ukraine were full of Western parts. Can the U.S. cut them off?,02/14/22
7.0,ssb036,https://www.theregister.com/2022/02/14/minecraft_bomb_plot/,Russian teen gets 5 years over Minecraft bomb plot,02/14/22
8.0,ssd45l,https://mb.ntd.com/tiktok-users-are-feeding-data-to-ccp-intelligence-agencies-cyber-experts-warn_739897.html,"TikTok Users Are Feeding Data to CCP Intelligence Agencies, Cyber Experts Warn",02/14/22
9.0,ss99bh,https://www.smithsonianmag.com/smart-news/scientists-build-an-artificial-fish-that-swims-on-its-own-using-human-heart-cells-180979570/,Scientists Build an Artificial Fish That Swims on Its Own Using Human Heart Cells,02/14/22
10.0,ss7sl8,https://techcrunch.com/2022/02/13/india-ban-china-apps/,"India bans Garena Free Fire, 53 more China-linked apps",02/14/22
1.0,sslcxv,https://protos.com/ether-hacker-optimism-ethereum-layer2-scaling-bug-bounty/,Hacker could've printed unlimited 'Ether' but chose $2M bug bounty instead,02/14/22
2.0,ssha3q,https://www.cnbc.com/2022/02/14/texas-sues-facebook-parent-meta-over-facial-recognition-privacy.html,Texas AG sues Facebook for allegedly collecting facial recognition data without consent,02/14/22
3.0,ssh4oi,https://gizmodo.com/earn-it-anti-encryption-bill-passes-senate-committee-1848515670,Anti-Encryption Bill Passes Senate Judiciary Committee: Over 60 organizations spoke out against the new bill which could threaten encryption and incentivize increased surveillance:,02/14/22
5.0,ssf63y,https://www.cnn.com/2022/02/14/tech/spacex-moon-jared-isaacman-tourism-scn/index.html,SpaceX sells three more flights to billionaire Jared Isaacman,02/14/22
7.0,ssiwgq,https://www.cnbc.com/2022/02/14/microsoft-is-reopening-its-washington-and-bay-area-offices-this-month.html,Microsoft is reopening its Washington and Bay Area offices this month,02/14/22
9.0,sslv4x,https://www.vox.com/recode/22929715/facebook-apple-ads-meta-privacy,Apple broke Facebook’s ad machine. Who’s going to fix it? A $250 billion question.,02/14/22
10.0,ssh182,https://www.theverge.com/2022/2/14/22933095/new-york-offshore-wind-farm-south-fork-long-island-construction,Construction begins on New York’s first offshore wind farm,02/14/22
11.0,sslrao,https://kottke.org/22/02/ai-creates-photorealistic-portraits-of-cartoon-characters,AI Creates Photorealistic Portraits of Cartoon Characters,02/14/22
2.0,ssnlm7,https://www.yahoo.com/news/exclusive-fbi-and-dhs-warn-us-officials-of-possible-russian-cyber-attacks-linked-to-invasion-of-ukraine-220516786.html,Exclusive: FBI and DHS warn U.S. officials of possible Russian cyberattacks linked to invasion of Ukraine,02/15/22
3.0,sst2bs,https://www.fedscoop.com/state-department-orders-destruction-of-it-equipment-at-kyiv-embassy/,State Department orders destruction of IT equipment at Kyiv embassy,02/15/22
6.0,ssrodl,https://www.scmp.com/news/china/science/article/3164140/china-start-building-5g-satellite-network-challenge-elon-musks,China to start building 5G satellite network to challenge Elon Musk’s Starlink,02/15/22
10.0,ssta90,https://www.nbcnews.com/news/us-news/us-provide-5-billion-help-states-build-network-ev-charging-stations-rcna16159,U.S. to provide $5 billion to help states build network of EV charging stations,02/15/22
11.0,ssoown,https://www.msn.com/en-us/news/technology/some-intel-cpus-may-no-longer-perform-to-their-maximum-straight-out-of-the-box/ar-AATQbDT?ocid=msedgntp,"Intel plans on ""selling"" access to advanced processor functions",02/15/22
